date,plot,lon,lat,lai
2015-09-19 11:36:42,1,-0.85128921270370483,51.153514862060547,3.7714085578918457
2015-09-19 11:37:35,2,-0.85137540102005005,51.153495788574219,3.4702253341674805
2015-09-19 11:37:54,3,-0.85146188735961914,51.153472900390625,2.382291316986084
2015-09-19 11:38:16,4,-0.85154807567596436,51.153453826904297,2.9744329452514648
2015-09-19 11:38:45,5,-0.85163450241088867,51.153427124023438,3.1239454746246338
2015-09-19 11:39:07,6,-0.85172069072723389,51.153411865234375,3.9004371166229248
2015-09-19 11:39:39,7,-0.85180717706680298,51.153385162353516,5.0992555618286133
2015-09-19 11:40:00,8,-0.85189342498779297,51.153366088867188,4.9165029525756836
2015-09-19 11:40:40,9,-0.85197979211807251,51.153343200683594,4.0212383270263672
2015-09-19 11:41:07,10,-0.85206598043441772,51.153324127197266,3.2625770568847656
2015-09-19 11:42:07,11,-0.85215252637863159,51.153297424316406,3.9978237152099609
2015-09-19 11:43:00,12,-0.85223871469497681,51.153282165527344,2.8462800979614258
2015-09-19 11:43:17,13,-0.85232490301132202,51.153263092041016,3.4104177951812744
2015-09-19 11:45:28,14,-0.85241138935089111,51.153236389160156,3.8865666389465332
2015-09-19 11:45:58,15,-0.85249757766723633,51.153221130371094,4.2378082275390625
2015-09-19 11:46:18,16,-0.85258400440216064,51.153194427490234,4.1100602149963379
2015-09-19 11:46:58,17,-0.85267019271850586,51.153179168701172,3.9882822036743164
2015-09-19 11:47:47,18,-0.85275667905807495,51.153152465820312,5.3367109298706055
2015-09-19 11:48:41,19,-0.85284292697906494,51.153133392333984,3.7129964828491211
2015-09-19 11:49:49,20,-0.85292929410934448,51.153106689453125,3.01702880859375
2015-09-19 11:50:40,21,-0.8530154824256897,51.153091430664062,3.8917608261108398
2015-09-19 11:50:55,22,-0.85310202836990356,51.153064727783203,3.2706589698791504
2015-09-19 11:51:41,23,-0.85318821668624878,51.153049468994141,3.2751588821411133
2015-09-19 11:52:20,24,-0.85326099395751953,51.152996063232422,3.4258840084075928
2015-09-19 11:52:57,25,-0.85333377122879028,51.152942657470703,2.1496891975402832
2015-09-19 11:54:07,26,-0.85339230298995972,51.152889251708984,4.0390625
2015-09-19 11:54:26,27,-0.85346508026123047,51.152835845947266,3.6758756637573242
2015-09-19 11:55:26,28,-0.85353797674179077,51.152782440185547,3.942990779876709
2015-09-19 11:55:45,29,-0.8536108136177063,51.152729034423828,2.4790999889373779
2015-09-19 11:56:15,30,-0.85368359088897705,51.152675628662109,2.6919875144958496
2015-09-19 11:56:43,31,-0.85374212265014648,51.152622222900391,4.35986328125
2015-09-19 11:57:19,32,-0.85381489992141724,51.152568817138672,3.8599193096160889
2015-09-19 11:58:26,33,-0.85388767719268799,51.152515411376953,3.8351855278015137
2015-09-19 11:59:18,34,-0.85396027565002441,51.152469635009766,4.8875389099121094
2015-09-19 11:59:46,35,-0.85403311252593994,51.152416229248047,3.2272882461547852
2015-09-19 12:00:23,36,-0.8540915846824646,51.152362823486328,3.6411004066467285
2015-09-19 12:00:50,37,-0.85416442155838013,51.152309417724609,3.4209885597229004
2015-09-19 12:01:18,38,-0.85423719882965088,51.152256011962891,1.3439129590988159
2015-09-19 12:01:52,39,-0.85431009531021118,51.152202606201172,4.7573041915893555
2015-09-19 12:02:14,40,-0.85438287258148193,51.152153015136719,4.4817390441894531
2015-09-19 12:03:28,41,-0.85444140434265137,51.152099609375,5.2613229751586914
2015-09-19 12:03:57,42,-0.85451418161392212,51.152046203613281,4.9682621955871582
2015-09-19 12:04:52,43,-0.85458701848983765,51.151992797851562,5.0063810348510742
2015-09-19 12:05:55,44,-0.85467231273651123,51.152011871337891,4.0466413497924805
2015-09-19 12:06:27,45,-0.85475790500640869,51.152019500732422,3.739025354385376
2015-09-19 12:07:02,46,-0.85484319925308228,51.15203857421875,3.7601108551025391
2015-09-19 12:07:43,47,-0.85492849349975586,51.152057647705078,4.9404125213623047
2015-09-19 12:08:19,48,-0.85501408576965332,51.152069091796875,4.211176872253418
2015-09-19 12:09:07,49,-0.8550993800163269,51.152088165283203,4.1718459129333496
2015-09-19 12:09:28,50,-0.85518467426300049,51.152103424072266,3.9665272235870361
2015-09-19 12:10:15,51,-0.85527020692825317,51.152114868164062,3.704984188079834
2015-09-19 12:11:03,52,-0.85535562038421631,51.152133941650391,4.3403210639953613
2015-09-19 12:12:00,53,-0.85544109344482422,51.152145385742188,3.7880797386169434
2015-09-19 12:12:15,54,-0.8555406928062439,51.15216064453125,3.7692561149597168
2015-09-19 12:13:07,55,-0.85562610626220703,51.152179718017578,3.9382662773132324
2015-09-19 12:14:08,56,-0.85571157932281494,51.152191162109375,4.6966514587402344
2015-09-19 12:14:46,57,-0.85579687356948853,51.152210235595703,4.7351493835449219
2015-09-19 12:16:06,58,-0.85588228702545166,51.152229309082031,4.8387823104858398
2015-09-19 12:16:41,59,-0.85596781969070435,51.152236938476562,3.3047335147857666
2015-09-19 12:18:31,60,-0.85605311393737793,51.152256011962891,3.1590585708618164
2015-09-19 12:19:26,61,-0.85613840818405151,51.152275085449219,3.4138939380645752
2015-09-19 12:20:12,62,-0.85622400045394897,51.152286529541016,3.2444450855255127
2015-09-19 12:20:52,63,-0.85630929470062256,51.152305603027344,4.8198180198669434
2015-09-19 12:21:52,64,-0.85630732774734497,51.152385711669922,3.0318045616149902
2015-09-19 12:22:21,65,-0.85630530118942261,51.1524658203125,4.4718904495239258
2015-09-19 12:22:59,66,-0.85630327463150024,51.152545928955078,4.8465814590454102
2015-09-19 12:24:05,67,-0.85630130767822266,51.152629852294922,5.432518482208252
2015-09-19 12:24:47,68,-0.85638707876205444,51.152629852294922,4.1992206573486328
2015-09-19 12:25:14,69,-0.85647290945053101,51.152629852294922,4.0353989601135254
2015-09-19 12:25:59,70,-0.85657292604446411,51.152629852294922,3.2562949657440186
2015-09-19 12:26:31,71,-0.8566586971282959,51.152633666992188,1.6332409381866455
2015-09-19 12:27:46,72,-0.85674452781677246,51.152633666992188,2.7330303192138672
2015-09-19 12:44:08,73,-0.8568301796913147,51.152633666992188,3.4850225448608398
2015-09-19 12:44:33,74,-0.85691601037979126,51.152633666992188,3.4874467849731445
2015-09-19 12:45:10,75,-0.85701608657836914,51.152637481689453,3.0881400108337402
2015-09-19 12:45:28,76,-0.85710179805755615,51.152637481689453,4.0193710327148438
2015-09-19 12:45:46,77,-0.85718762874603271,51.152637481689453,4.4202818870544434
2015-09-19 12:46:09,78,-0.8572733998298645,51.152637481689453,3.6076016426086426
2015-09-19 12:46:38,79,-0.85735911130905151,51.152637481689453,2.6447253227233887
2015-09-19 12:47:26,80,-0.8574448823928833,51.152641296386719,3.5483701229095459
2015-09-19 12:48:11,81,-0.85754501819610596,51.152641296386719,3.7458252906799316
2015-09-19 12:48:43,82,-0.85763072967529297,51.152641296386719,4.663306713104248
2015-09-19 12:49:05,83,-0.85771650075912476,51.152641296386719,5.2571601867675781
2015-09-19 12:49:26,84,-0.85780227184295654,51.152645111083984,3.5644559860229492
2015-09-19 12:50:24,85,-0.85788798332214355,51.152645111083984,3.9077262878417969
2015-09-19 12:50:45,86,-0.85798811912536621,51.152645111083984,4.5422277450561523
2015-09-19 12:51:10,87,-0.858073890209198,51.152645111083984,3.6489048004150391
2015-09-19 12:52:18,88,-0.85815972089767456,51.152645111083984,3.942777156829834
2015-09-19 12:53:13,89,-0.8582453727722168,51.15264892578125,2.9409646987915039
2015-09-19 12:53:52,90,-0.85833102464675903,51.152656555175781,3.347027063369751
2015-09-19 12:55:33,91,-0.85843098163604736,51.152656555175781,2.2920131683349609
2015-09-19 12:56:32,92,-0.85851681232452393,51.152660369873047,1.2592945098876953
2015-09-19 12:57:05,93,-0.85860240459442139,51.152667999267578,1.4930751323699951
2015-09-19 12:57:50,94,-0.8586881160736084,51.152667999267578,1.8316905498504639
2015-09-19 12:58:46,95,-0.85877388715744019,51.152671813964844,2.5438442230224609
2015-09-19 12:59:14,96,-0.85887372493743896,51.152679443359375,2.154299259185791
2015-09-19 12:59:47,97,-0.85895949602127075,51.152683258056641,2.3806898593902588
2015-09-19 13:00:21,98,-0.85904532670974731,51.152683258056641,2.8252148628234863
2015-09-19 13:00:51,99,-0.85913079977035522,51.152690887451172,2.5690679550170898
2015-09-19 13:01:34,100,-0.85921657085418701,51.152694702148438,3.5310473442077637
2015-09-19 13:02:01,101,-0.85931640863418579,51.152702331542969,2.9486095905303955
2015-09-19 13:02:51,102,-0.85940217971801758,51.152702331542969,5.1141157150268555
2015-09-19 13:03:14,103,-0.85948801040649414,51.152706146240234,4.3206024169921875
2015-09-19 13:03:42,104,-0.85957348346710205,51.152713775634766,2.4121484756469727
2015-09-19 13:04:03,105,-0.85965931415557861,51.152713775634766,1.9539945125579834
2015-09-19 13:04:41,106,-0.85975939035415649,51.152717590332031,1.8023169040679932
2015-09-19 13:05:38,107,-0.85984492301940918,51.152725219726562,3.4897060394287109
2015-09-19 13:06:13,108,-0.85993069410324097,51.152725219726562,4.0097928047180176
2015-09-19 13:06:49,109,-0.85991841554641724,51.152645111083984,2.8819413185119629
2015-09-19 13:07:25,110,-0.85990607738494873,51.152565002441406,1.9327676296234131
2015-09-19 13:08:11,111,-0.85990810394287109,51.152484893798828,3.2875704765319824
2015-09-19 13:08:53,112,-0.85989582538604736,51.15240478515625,3.218951940536499
2015-09-19 13:09:30,113,-0.85988348722457886,51.152320861816406,2.9461984634399414
2015-09-19 13:10:04,114,-0.85987120866775513,51.152240753173828,2.4222769737243652
2015-09-19 13:10:58,115,-0.85987311601638794,51.15216064453125,2.1907293796539307
2015-09-19 13:11:26,116,-0.85986077785491943,51.152080535888672,1.8555535078048706
2015-09-19 13:12:05,117,-0.8598054051399231,51.152008056640625,2.0078415870666504
2015-09-19 13:13:02,118,-0.85976427793502808,51.151935577392578,2.3490109443664551
2015-09-19 13:13:24,119,-0.85970890522003174,51.151863098144531,3.8515799045562744
2015-09-19 13:13:54,120,-0.85966777801513672,51.151790618896484,4.0992231369018555
2015-09-19 13:14:16,121,-0.85961222648620605,51.151725769042969,3.4020242691040039
2015-09-19 13:14:49,122,-0.85957109928131104,51.151653289794922,2.7181620597839355
2015-09-19 13:15:16,123,-0.8595157265663147,51.151580810546875,2.8626384735107422
2015-09-19 13:15:43,124,-0.85947459936141968,51.151508331298828,2.5306694507598877
2015-09-19 13:16:10,125,-0.85956048965454102,51.151500701904297,4.8384275436401367
2015-09-19 13:16:44,126,-0.8596464991569519,51.151493072509766,4.0621442794799805
2015-09-19 13:17:10,127,-0.85973250865936279,51.151485443115234,3.7844500541687012
2015-09-19 13:17:44,128,-0.85983282327651978,51.151477813720703,4.8687338829040527
2015-09-19 13:18:09,129,-0.85991877317428589,51.151466369628906,5.0106220245361328
2015-09-19 13:19:10,130,-0.86000478267669678,51.151458740234375,2.1851432323455811
2015-09-19 13:19:41,131,-0.86009097099304199,51.151443481445312,4.5781936645507812
2015-09-19 13:20:04,132,-0.86017698049545288,51.151435852050781,4.5383510589599609
2015-09-19 13:20:51,133,-0.86026298999786377,51.151424407958984,3.3584918975830078
2015-09-19 13:22:24,134,-0.86034899950027466,51.151416778564453,3.2947418689727783
2015-09-19 13:23:10,135,-0.860434889793396,51.151409149169922,3.1672117710113525
2015-09-19 13:23:59,136,-0.86053520441055298,51.151401519775391,2.9078521728515625
2015-09-19 13:24:27,137,-0.86062121391296387,51.151393890380859,2.8356537818908691
2015-09-19 13:24:54,138,-0.86070722341537476,51.151386260986328,2.5842680931091309
2015-09-19 13:25:31,139,-0.86079317331314087,51.151378631591797,1.8306255340576172
2015-09-19 13:25:54,140,-0.86087918281555176,51.151371002197266,2.4335761070251465
2015-09-19 13:26:42,141,-0.86096519231796265,51.151359558105469,1.6256639957427979
2015-09-19 13:27:09,142,-0.86105120182037354,51.151351928710938,3.2292096614837646
2015-09-19 13:27:36,143,-0.86113739013671875,51.151336669921875,3.6173055171966553
2015-09-19 13:27:57,144,-0.86123770475387573,51.151329040527344,2.7741436958312988
2015-09-19 13:28:54,145,-0.86132359504699707,51.151321411132812,2.6072614192962646
2015-09-19 13:29:41,146,-0.86140960454940796,51.151309967041016,1.9978458881378174
2015-09-19 13:30:03,147,-0.86149561405181885,51.151302337646484,3.4123764038085938
2015-09-19 13:30:23,148,-0.86158162355422974,51.151294708251953,3.8106646537780762
2015-09-19 13:30:55,149,-0.86166757345199585,51.151287078857422,4.2107787132263184
2015-09-19 13:31:31,150,-0.86175358295440674,51.151279449462891,3.836266040802002
2015-09-19 13:31:59,151,-0.86185389757156372,51.151271820068359,4.26165771484375
2015-09-19 13:33:22,152,-0.86193990707397461,51.151264190673828,4.3571186065673828
2015-09-19 13:33:49,153,-0.86202579736709595,51.151252746582031,5.0301680564880371
2015-09-19 13:34:09,154,-0.86211180686950684,51.1512451171875,5.1792917251586914
2015-09-19 13:34:30,155,-0.86219781637191772,51.151237487792969,4.4855995178222656
2015-09-19 13:35:01,156,-0.86228400468826294,51.151222229003906,4.5114040374755859
2015-09-19 13:35:24,157,-0.86237001419067383,51.151214599609375,4.3876910209655762
2015-09-19 13:36:09,158,-0.86245602369308472,51.151203155517578,4.4836215972900391
2015-09-19 13:36:37,159,-0.86255627870559692,51.151195526123047,4.9488363265991211
2015-09-19 13:37:01,160,-0.86264228820800781,51.151187896728516,4.2244906425476074
2015-09-19 13:37:33,161,-0.8627282977104187,51.151180267333984,4.1427488327026367
2015-09-19 13:38:52,162,-0.86281418800354004,51.151172637939453,3.0631186962127686
2015-09-19 13:41:47,163,-0.8629000186920166,51.151172637939453,2.8416385650634766
2015-09-19 13:42:14,164,-0.86298578977584839,51.151172637939453,2.5916290283203125
2015-09-19 13:42:34,165,-0.86308580636978149,51.151176452636719,3.1237678527832031
2015-09-19 13:43:14,166,-0.86317157745361328,51.151176452636719,2.6564102172851562
2015-09-19 13:44:04,167,-0.86325740814208984,51.151176452636719,4.3896188735961914
2015-09-19 13:44:27,168,-0.86334288120269775,51.151187896728516,3.3033552169799805
2015-09-19 13:44:58,169,-0.86344301700592041,51.151187896728516,3.2776575088500977
2015-09-19 13:45:47,170,-0.86352872848510742,51.151187896728516,2.3602173328399658
2015-09-19 13:46:23,171,-0.86361449956893921,51.151187896728516,1.3786098957061768
2015-09-19 13:47:14,172,-0.863700270652771,51.151191711425781,2.6108813285827637
2015-09-19 13:47:45,173,-0.86378610134124756,51.151191711425781,2.8186643123626709
2015-09-19 13:48:09,174,-0.86388611793518066,51.151191711425781,1.864352822303772
2015-09-19 13:48:44,175,-0.86397188901901245,51.151191711425781,2.6755940914154053
2015-09-19 13:49:31,176,-0.86405760049819946,51.151191711425781,3.0369992256164551
2015-09-19 13:50:20,177,-0.86414337158203125,51.151195526123047,1.2339214086532593
2015-09-19 13:51:03,178,-0.86422920227050781,51.151195526123047,3.108931303024292
2015-09-19 13:51:55,179,-0.86432921886444092,51.151195526123047,2.2767739295959473
2015-09-19 13:52:20,180,-0.86441481113433838,51.151206970214844,3.6031951904296875
2015-09-19 13:52:49,181,-0.86450058221817017,51.151206970214844,0.88082116842269897
2015-09-19 13:53:20,182,-0.86458629369735718,51.151206970214844,3.3688912391662598
2015-09-19 13:53:43,183,-0.86468642950057983,51.151206970214844,2.7044947147369385
2015-09-19 13:54:23,184,-0.86477208137512207,51.151210784912109,0.92142772674560547
2015-09-19 13:54:47,185,-0.86485791206359863,51.151210784912109,0.55417561531066895
2015-09-19 14:26:24,186,-0.86468029022216797,51.153205871582031,4.3132872581481934
2015-09-19 14:26:48,187,-0.86461007595062256,51.153148651123047,4.8240394592285156
2015-09-19 14:27:24,188,-0.8645399808883667,51.153095245361328,3.9370207786560059
2015-09-19 14:27:47,189,-0.86446982622146606,51.153041839599609,3.7430338859558105
2015-09-19 14:28:19,190,-0.86441397666931152,51.152984619140625,3.6081404685974121
2015-09-19 14:29:09,191,-0.86434382200241089,51.152931213378906,2.7697834968566895
2015-09-19 14:29:48,192,-0.86427372694015503,51.152877807617188,1.7743147611618042
2015-09-19 14:30:15,193,-0.86420351266860962,51.152824401855469,2.7378919124603271
2015-09-19 14:30:32,194,-0.86413341760635376,51.152767181396484,2.0725674629211426
2015-09-19 14:30:54,195,-0.86406320333480835,51.152713775634766,1.9383096694946289
2015-09-19 14:31:09,196,-0.86399310827255249,51.152660369873047,2.9059901237487793
2015-09-19 14:31:34,197,-0.8639373779296875,51.152595520019531,2.7376360893249512
2015-09-19 14:32:08,198,-0.86386728286743164,51.152542114257812,2.8029377460479736
2015-09-19 14:32:36,199,-0.86379712820053101,51.152484893798828,3.4489438533782959
2015-09-19 14:33:11,200,-0.86372697353363037,51.152431488037109,4.4180121421813965
2015-09-19 14:33:51,201,-0.86365681886672974,51.152378082275391,3.8802449703216553
2015-09-19 14:34:54,202,-0.86358672380447388,51.152320861816406,2.8772354125976562
2015-09-19 14:35:12,203,-0.86351650953292847,51.152267456054688,3.6249265670776367
2015-09-19 14:35:38,204,-0.8634607195854187,51.152214050292969,3.8792176246643066
2015-09-19 14:36:33,205,-0.86339050531387329,51.152156829833984,5.2844791412353516
2015-09-19 14:37:27,206,-0.86332041025161743,51.152103424072266,3.5174679756164551
2015-09-19 14:38:00,207,-0.86325019598007202,51.152050018310547,3.5491125583648682
2015-09-19 14:39:22,208,-0.86316359043121338,51.152084350585938,4.1622047424316406
2015-09-19 14:40:11,209,-0.86309152841567993,51.152111053466797,2.2203340530395508
2015-09-19 14:40:36,210,-0.86300480365753174,51.152145385742188,2.4236559867858887
2015-09-19 14:41:08,211,-0.86291837692260742,51.152172088623047,1.2533489465713501
2015-09-19 14:41:37,212,-0.862831711769104,51.152206420898438,2.7843632698059082
2015-09-19 14:42:07,213,-0.86275941133499146,51.152240753173828,0.34687560796737671
2015-09-19 14:42:48,214,-0.86267292499542236,51.152267456054688,1.7539089918136597
2015-09-19 14:43:30,215,-0.86258631944656372,51.152301788330078,2.4389631748199463
2015-09-19 14:43:57,216,-0.86249977350234985,51.152328491210938,3.4440641403198242
2015-09-19 14:44:32,217,-0.8624274730682373,51.152362823486328,3.8192422389984131
2015-09-19 14:44:54,218,-0.86234110593795776,51.152389526367188,3.2965028285980225
2015-09-19 14:45:14,219,-0.86225438117980957,51.152427673339844,3.1669182777404785
2015-09-19 14:45:41,220,-0.86218202114105225,51.152462005615234,2.2531931400299072
2015-09-19 14:46:06,221,-0.86209559440612793,51.152488708496094,1.6135407686233521
2015-09-19 14:46:34,222,-0.86200898885726929,51.152523040771484,1.7440949678421021
2015-09-19 14:47:02,223,-0.8619225025177002,51.152549743652344,2.4978299140930176
2015-09-19 14:47:39,224,-0.86185020208358765,51.152584075927734,2.6121096611022949
2015-09-19 14:49:52,225,-0.86176347732543945,51.152618408203125,3.9552474021911621
2015-09-19 14:50:18,226,-0.86167711019515991,51.152645111083984,3.6145296096801758
2015-09-19 14:50:41,227,-0.86160469055175781,51.152679443359375,2.9336662292480469
2015-09-19 14:51:03,228,-0.86151832342147827,51.152706146240234,1.4122333526611328
2015-09-19 14:51:50,229,-0.86143159866333008,51.152740478515625,2.4246606826782227
2015-09-19 14:52:15,230,-0.86134517192840576,51.152767181396484,2.7620785236358643
2015-09-19 14:53:15,231,-0.86127281188964844,51.152801513671875,3.0751192569732666
2015-09-19 14:54:19,232,-0.86118620634078979,51.152839660644531,3.4474403858184814
2015-09-19 14:54:48,233,-0.86109977960586548,51.152862548828125,4.6509113311767578
2015-09-19 14:55:13,234,-0.86101311445236206,51.152900695800781,4.8108015060424805
2015-09-19 14:55:36,235,-0.86094099283218384,51.152927398681641,5.4897594451904297
2015-09-19 14:55:53,236,-0.86085432767868042,51.152961730957031,5.2480955123901367
2015-09-19 14:56:31,237,-0.86076772212982178,51.152996063232422,2.8341913223266602
2015-09-19 14:56:55,238,-0.86069530248641968,51.153030395507812,1.7422560453414917
2015-09-19 14:57:21,239,-0.86060857772827148,51.153064727783203,3.1011035442352295
2015-09-19 14:58:19,240,-0.86052197217941284,51.153102874755859,6.2459769248962402
2015-09-19 14:59:22,241,-0.86044961214065552,51.15313720703125,6.2958998680114746
2015-09-19 14:59:41,242,-0.86036300659179688,51.153171539306641,6.1631450653076172
2015-09-19 15:00:13,243,-0.86027628183364868,51.153205871582031,5.1141581535339355
2015-09-19 15:00:41,244,-0.86020392179489136,51.153244018554688,5.6466617584228516
2015-09-19 15:01:02,245,-0.86011731624603271,51.153278350830078,5.229407787322998
2015-09-19 15:01:30,246,-0.86004489660263062,51.153312683105469,3.9061269760131836
2015-09-19 15:02:09,247,-0.85995829105377197,51.153347015380859,4.1236438751220703
2015-09-19 15:02:47,248,-0.85987162590026855,51.15338134765625,0.85666519403457642
2015-09-23 08:06:38,249,-0.85979932546615601,51.153419494628906,1.9202042818069458
2015-09-23 08:07:38,250,-0.85971260070800781,51.153453826904297,2.5164227485656738
2015-09-23 08:08:15,251,-0.85962587594985962,51.153488159179688,2.3580961227416992
2015-09-23 08:08:40,252,-0.85955357551574707,51.153522491455078,2.4901838302612305
2015-09-23 08:09:11,253,-0.85946691036224365,51.153556823730469,2.4904284477233887
2015-09-23 08:09:32,254,-0.85938030481338501,51.153594970703125,2.274057149887085
2015-09-23 08:10:22,255,-0.85930788516998291,51.153629302978516,2.5316412448883057
2015-09-23 08:11:05,256,-0.85922122001647949,51.153663635253906,2.5772161483764648
2015-09-23 08:11:54,257,-0.85913461446762085,51.153697967529297,2.3603599071502686
2015-09-23 08:12:27,258,-0.85906219482421875,51.153736114501953,1.9273250102996826
2015-09-23 08:13:04,259,-0.85897529125213623,51.153778076171875,2.6762175559997559
2015-09-23 08:13:36,260,-0.85890299081802368,51.153812408447266,3.9129798412322998
2015-09-23 08:14:05,261,-0.85881632566452026,51.153850555419922,2.5186953544616699
2015-09-23 08:14:28,262,-0.85872972011566162,51.153884887695312,3.1099634170532227
2015-09-23 08:14:50,263,-0.85865730047225952,51.153919219970703,2.9114048480987549
2015-09-23 08:15:21,264,-0.85857057571411133,51.153953552246094,3.3136553764343262
2015-09-23 08:15:43,265,-0.85848402976989746,51.15399169921875,3.4023494720458984
2015-09-23 08:16:10,266,-0.85841161012649536,51.154026031494141,3.5207719802856445
2015-09-23 08:17:08,267,-0.85832500457763672,51.154060363769531,3.7162342071533203
2015-09-23 08:18:15,268,-0.85823827981948853,51.154094696044922,6.2227687835693359
2015-09-23 08:18:31,269,-0.8581659197807312,51.154129028320312,6.2099790573120117
2015-09-23 08:18:46,270,-0.85807931423187256,51.154167175292969,6.3320932388305664
2015-09-23 08:19:15,271,-0.85799258947372437,51.154201507568359,6.9071536064147949
2015-09-23 08:19:46,272,-0.85792022943496704,51.15423583984375,6.3010501861572266
2015-09-23 08:20:19,273,-0.8578336238861084,51.154270172119141,5.1465778350830078
2015-09-23 08:20:40,274,-0.8577612042427063,51.154308319091797,5.0286335945129395
2015-09-23 08:21:54,275,-0.85767459869384766,51.154342651367188,6.0658092498779297
2015-09-23 08:22:18,276,-0.85758787393569946,51.154376983642578,5.6840686798095703
2015-09-23 08:23:04,277,-0.85751551389694214,51.154411315917969,6.2228507995605469
2015-09-23 08:23:26,278,-0.8574289083480835,51.154445648193359,5.7498903274536133
2015-09-23 08:23:54,279,-0.8573421835899353,51.154483795166016,5.6170949935913086
2015-09-23 08:24:25,280,-0.85726988315582275,51.154518127441406,6.4036178588867188
2015-09-23 08:24:55,281,-0.85718321800231934,51.154552459716797,6.9779129028320312
2015-09-23 08:25:31,282,-0.85709738731384277,51.154552459716797,6.5131263732910156
2015-09-23 08:25:57,283,-0.85701161623001099,51.154552459716797,5.4560031890869141
2015-09-23 08:26:36,284,-0.85691142082214355,51.154560089111328,5.9062948226928711
2015-09-23 08:27:00,285,-0.85682559013366699,51.154556274414062,6.5881867408752441
2015-09-23 08:28:18,286,-0.85673981904983521,51.154556274414062,4.5798068046569824
2015-09-23 08:28:43,287,-0.85665398836135864,51.154556274414062,5.003443717956543
2015-09-23 08:29:14,288,-0.85656797885894775,51.154563903808594,6.9647445678710938
2015-09-23 08:29:39,289,-0.85648232698440552,51.154563903808594,6.2675714492797852
2015-09-23 08:30:15,290,-0.85638219118118286,51.154563903808594,6.0788106918334961
2015-09-23 08:30:41,291,-0.85629642009735107,51.154560089111328,4.5180745124816895
2015-09-23 08:31:14,292,-0.85621041059494019,51.154571533203125,3.8173980712890625
2015-09-23 08:32:08,293,-0.85612469911575317,51.154567718505859,3.517249584197998
2015-09-23 08:32:34,294,-0.85603892803192139,51.154567718505859,3.7541654109954834
2015-09-23 08:33:02,295,-0.85595309734344482,51.154567718505859,2.339566707611084
2015-09-23 08:33:29,296,-0.85585302114486694,51.154567718505859,3.3877849578857422
2015-09-23 08:34:35,297,-0.85576701164245605,51.154575347900391,2.6275582313537598
2015-09-23 08:34:54,298,-0.85568130016326904,51.154575347900391,3.3416876792907715
2015-09-23 08:35:31,299,-0.85559552907943726,51.154571533203125,2.6078636646270752
2015-09-23 08:35:58,300,-0.85550969839096069,51.154571533203125,3.1509695053100586
2015-09-23 08:36:26,301,-0.8554236888885498,51.154579162597656,4.4416160583496094
2015-09-23 08:37:00,302,-0.8553236722946167,51.154579162597656,3.7979650497436523
2015-09-23 08:37:32,303,-0.85523790121078491,51.154579162597656,4.0232434272766113
2015-09-23 08:37:53,304,-0.85515207052230835,51.154579162597656,3.8659515380859375
2015-09-23 08:38:20,305,-0.85506612062454224,51.154586791992188,3.4452133178710938
2015-09-23 08:38:38,306,-0.85498040914535522,51.154586791992188,3.5347723960876465
2015-09-23 08:38:54,307,-0.85489457845687866,51.154582977294922,3.4963943958282471
2015-09-23 08:39:34,308,-0.85479450225830078,51.154582977294922,3.5760278701782227
2015-09-23 08:40:19,309,-0.85470849275588989,51.154590606689453,5.9489822387695312
2015-09-23 08:40:48,310,-0.85462272167205811,51.154590606689453,4.6223578453063965
2015-09-23 08:41:21,311,-0.85453701019287109,51.154590606689453,4.1967134475708008
2015-09-23 08:41:45,312,-0.854450523853302,51.154617309570312,5.515235424041748
2015-09-23 08:42:14,313,-0.85437840223312378,51.154640197753906,5.2774763107299805
2015-09-23 08:42:36,314,-0.85429191589355469,51.154666900634766,5.3090496063232422
2015-09-23 08:43:12,315,-0.85421979427337646,51.154693603515625,5.6137809753417969
2015-09-23 08:43:43,316,-0.85413342714309692,51.154720306396484,4.824364185333252
2015-09-23 08:44:15,317,-0.85404688119888306,51.154747009277344,3.370760440826416
2015-09-23 08:44:42,318,-0.85397481918334961,51.154773712158203,4.2046585083007812
2015-09-23 08:45:14,319,-0.85388827323913574,51.154800415039062,3.9795804023742676
2015-09-23 08:45:52,320,-0.8538019061088562,51.154827117919922,5.5982818603515625
2015-09-23 08:46:17,321,-0.8537297248840332,51.154850006103516,4.2090907096862793
2015-09-23 08:46:35,322,-0.85364329814910889,51.154876708984375,4.4873776435852051
2015-09-23 08:46:51,323,-0.85357117652893066,51.154903411865234,5.5905771255493164
2015-09-23 08:47:10,324,-0.85348469018936157,51.154930114746094,4.7090654373168945
2015-09-23 08:55:26,325,-0.85621720552444458,51.156612396240234,3.7128586769104004
2015-09-23 08:56:11,326,-0.85628980398178101,51.156566619873047,4.1047019958496094
2015-09-23 08:56:33,327,-0.85637658834457397,51.156524658203125,4.0724697113037109
2015-09-23 08:57:04,328,-0.8564491868019104,51.156478881835938,3.9443240165710449
2015-09-23 08:57:49,329,-0.85653609037399292,51.15643310546875,2.6208109855651855
2015-09-23 08:58:15,330,-0.85660868883132935,51.156391143798828,3.6170730590820312
2015-09-23 08:58:44,331,-0.85669559240341187,51.156345367431641,4.4778180122375488
2015-09-23 08:59:51,332,-0.85676819086074829,51.156303405761719,4.0763959884643555
2015-09-23 09:00:16,333,-0.85684078931808472,51.156257629394531,4.5901389122009277
2015-09-23 09:07:56,334,-0.85692769289016724,51.156211853027344,4.5336027145385742
2015-09-23 09:08:25,335,-0.85700029134750366,51.156169891357422,3.7143003940582275
2015-09-23 09:11:25,336,-0.85708707571029663,51.156124114990234,3.8971891403198242
2015-09-23 09:12:52,337,-0.85715967416763306,51.156082153320312,4.1152019500732422
2015-09-23 09:13:18,338,-0.85724657773971558,51.156036376953125,5.5533008575439453
2015-09-23 09:13:43,339,-0.857319176197052,51.155994415283203,6.5998687744140625
2015-09-23 09:14:13,340,-0.85740572214126587,51.155967712402344,4.5835533142089844
2015-09-23 09:14:35,341,-0.85749208927154541,51.155941009521484,4.1311883926391602
2015-09-23 09:14:53,342,-0.85757851600646973,51.155914306640625,4.1763873100280762
2015-09-23 09:15:30,343,-0.8576505184173584,51.155895233154297,4.1147794723510742
2015-09-23 09:15:57,344,-0.85773688554763794,51.155872344970703,6.8200931549072266
2015-09-23 09:16:22,345,-0.85782331228256226,51.155845642089844,6.1831827163696289
2015-09-23 09:16:54,346,-0.85790979862213135,51.155818939208984,4.8013558387756348
2015-09-23 09:17:38,347,-0.85799622535705566,51.155792236328125,3.5772480964660645
2015-09-23 09:18:07,348,-0.85808271169662476,51.155765533447266,5.2007813453674316
2015-09-23 09:18:36,349,-0.85816890001296997,51.155750274658203,6.5759973526000977
2015-09-23 09:19:18,350,-0.85825532674789429,51.155723571777344,6.7037477493286133
2015-09-23 09:19:54,351,-0.85832750797271729,51.155696868896484,6.4922037124633789
2015-09-23 09:20:34,352,-0.85841387510299683,51.155670166015625,4.2255868911743164
2015-09-23 09:21:24,353,-0.85850030183792114,51.155643463134766,4.9075069427490234
2015-09-23 09:22:14,354,-0.85858678817749023,51.155616760253906,3.2568702697753906
2015-09-23 09:22:52,355,-0.85867297649383545,51.155601501464844,4.8824639320373535
2015-09-23 09:23:18,356,-0.85875940322875977,51.155574798583984,6.0323729515075684
2015-09-23 09:23:58,357,-0.85884588956832886,51.155548095703125,3.6175141334533691
2015-09-23 09:24:27,358,-0.85893231630325317,51.155521392822266,5.588017463684082
2015-09-23 09:24:46,359,-0.85900449752807617,51.155498504638672,5.9287014007568359
2015-09-23 09:25:33,360,-0.85909092426300049,51.155471801757812,6.6992053985595703
2015-09-23 09:26:11,361,-0.8591771125793457,51.155452728271484,6.8403811454772949
2015-09-23 09:27:05,362,-0.85926359891891479,51.155426025390625,5.9694275856018066
2015-09-23 09:27:49,363,-0.85935002565383911,51.155399322509766,5.9301486015319824
2015-09-23 09:28:20,364,-0.85942262411117554,51.155357360839844,5.1797852516174316
2015-09-23 09:29:43,365,-0.85949522256851196,51.155311584472656,5.6801252365112305
2015-09-23 09:30:36,366,-0.85958212614059448,51.155269622802734,4.7532134056091309
2015-09-23 09:30:59,367,-0.85965472459793091,51.155223846435547,5.641115665435791
2015-09-23 09:33:12,368,-0.85972720384597778,51.155178070068359,4.7804174423217773
2015-09-23 09:33:58,369,-0.85979962348937988,51.155143737792969,3.4410054683685303
2015-09-23 09:34:42,370,-0.8598865270614624,51.155101776123047,3.7326083183288574
2015-09-23 09:35:37,371,-0.85995912551879883,51.155055999755859,5.1627011299133301
2015-09-23 09:36:53,372,-0.86003172397613525,51.155010223388672,5.6164669990539551
2015-09-23 09:38:47,373,-0.86010420322418213,51.15496826171875,5.5480308532714844
2015-09-23 09:39:39,374,-0.86019110679626465,51.154922485351562,5.5267581939697266
2015-09-23 09:40:00,375,-0.86026370525360107,51.154880523681641,4.7276611328125
2015-09-23 09:41:34,376,-0.8603363037109375,51.154834747314453,5.5805468559265137
2015-09-23 09:41:58,377,-0.86040890216827393,51.154792785644531,5.6878485679626465
2015-09-23 09:42:37,378,-0.86049580574035645,51.154747009277344,5.8300008773803711
2015-09-23 09:45:03,379,-0.86056810617446899,51.154712677001953,5.4220032691955566
2015-09-23 09:45:44,380,-0.86064070463180542,51.154666900634766,5.6761012077331543
2015-09-23 09:46:26,381,-0.86071330308914185,51.154621124267578,4.9772548675537109
2015-09-23 09:47:12,382,-0.86080020666122437,51.154579162597656,5.1901788711547852
2015-09-23 09:48:15,383,-0.86087280511856079,51.154533386230469,5.9218878746032715
2015-09-23 09:48:59,384,-0.86094528436660767,51.154491424560547,5.4436826705932617
2015-09-23 09:49:40,385,-0.86103039979934692,51.154518127441406,4.5675873756408691
2015-09-23 09:50:50,386,-0.86111557483673096,51.154544830322266,5.9514551162719727
2015-09-23 09:51:28,387,-0.86120069026947021,51.154575347900391,5.4686422348022461
2015-09-23 09:51:55,388,-0.86128562688827515,51.154609680175781,5.7128419876098633
2015-09-23 09:52:32,389,-0.86137068271636963,51.154640197753906,5.3200240135192871
2015-09-23 09:53:57,390,-0.86145579814910889,51.154666900634766,5.5054721832275391
2015-09-23 09:54:33,391,-0.86154091358184814,51.154693603515625,5.72027587890625
2015-09-23 09:55:45,392,-0.8616260290145874,51.154720306396484,5.2226343154907227
2015-09-23 09:56:13,393,-0.86171108484268188,51.154750823974609,4.9502201080322266
2015-09-23 09:56:51,394,-0.86178189516067505,51.154777526855469,5.1623573303222656
2015-09-23 09:57:23,395,-0.86186677217483521,51.154815673828125,5.717193603515625
2015-09-23 09:57:41,396,-0.86195188760757446,51.154842376708984,4.2664952278137207
2015-09-23 09:58:15,397,-0.86203700304031372,51.154869079589844,5.471184253692627
2015-09-23 09:58:41,398,-0.86212211847305298,51.154895782470703,5.2752084732055664
2015-09-23 09:59:13,399,-0.86220717430114746,51.154926300048828,4.6993370056152344
2015-09-23 09:59:39,400,-0.86229240894317627,51.154953002929688,5.6027297973632812
2015-09-23 10:00:30,401,-0.86237722635269165,51.154991149902344,5.4383678436279297
2015-09-23 10:01:07,402,-0.86246240139007568,51.155017852783203,5.1077938079833984
2015-09-23 10:01:57,403,-0.86254751682281494,51.155044555664062,4.811676025390625
2015-09-23 10:02:24,404,-0.86263257265090942,51.155075073242188,5.290499210357666
2015-09-23 10:02:53,405,-0.86264890432357788,51.154991149902344,4.5104179382324219
2015-09-23 10:03:26,406,-0.86265110969543457,51.154903411865234,5.1605753898620605
2015-09-23 10:03:51,407,-0.86266738176345825,51.154823303222656,5.0486698150634766
2015-09-23 10:04:31,408,-0.86266958713531494,51.154731750488281,5.3318109512329102
2015-09-23 10:05:25,409,-0.8626859188079834,51.154651641845703,5.3448591232299805
2015-09-23 10:05:49,410,-0.86270207166671753,51.154571533203125,5.3399295806884766
2015-09-23 10:06:29,411,-0.86270427703857422,51.15447998046875,5.3495359420776367
2015-09-23 10:06:55,412,-0.86272060871124268,51.154399871826172,5.7346897125244141
2015-09-23 10:07:28,413,-0.86273688077926636,51.154319763183594,5.367833137512207
2015-09-23 10:08:03,414,-0.86273908615112305,51.154228210449219,5.444368839263916
2015-09-23 10:08:35,415,-0.8627554178237915,51.154148101806641,3.7775382995605469
2015-09-23 10:09:02,416,-0.86275762319564819,51.154056549072266,4.3329944610595703
2015-09-23 10:09:57,417,-0.86277389526367188,51.153976440429688,3.7790803909301758
2015-09-23 10:10:19,418,-0.86279022693634033,51.153896331787109,2.8317122459411621
2015-09-23 10:11:09,419,-0.86279237270355225,51.15380859375,3.7534446716308594
2015-09-23 10:12:15,420,-0.8628087043762207,51.153724670410156,3.5020782947540283
2015-09-23 10:13:01,421,-0.86289381980895996,51.153755187988281,3.7015285491943359
2015-09-23 10:14:03,422,-0.86297869682312012,51.153789520263672,2.5372676849365234
2015-09-23 10:14:24,423,-0.86304950714111328,51.153820037841797,3.153834342956543
2015-09-23 10:15:02,424,-0.86313438415527344,51.153854370117188,3.751603364944458
2015-09-23 10:16:00,425,-0.8632194995880127,51.153884887695312,4.8125677108764648
2015-09-23 10:16:22,426,-0.86330461502075195,51.153911590576172,5.6489138603210449
2015-09-23 10:16:58,427,-0.86338949203491211,51.153945922851562,5.5808687210083008
2015-09-23 10:17:28,428,-0.86346030235290527,51.153976440429688,5.5375380516052246
2015-09-23 10:17:52,429,-0.86354517936706543,51.154010772705078,5.1749072074890137
2015-09-23 10:18:21,430,-0.86363029479980469,51.154041290283203,5.3882551193237305
2015-09-23 10:18:45,431,-0.86371541023254395,51.154067993164062,5.1292972564697266
2015-09-23 10:19:24,432,-0.8638002872467041,51.154106140136719,4.9711518287658691
2015-09-23 10:19:42,433,-0.86387109756469727,51.154132843017578,5.3816471099853516
2015-09-23 10:20:03,434,-0.86395597457885742,51.154167175292969,5.8199148178100586
2015-09-23 10:20:29,435,-0.86404109001159668,51.154197692871094,5.7557048797607422
